{
  "SVC": {
    "accuracy": 0.8765625,
    "auc": 0.8520386717108028,
    "report": {
      "0": {
        "precision": 0.8983050847457628,
        "recall": 0.9653916211293261,
        "f1-score": 0.9306409130816505,
        "support": 549.0
      },
      "1": {
        "precision": 0.62,
        "recall": 0.34065934065934067,
        "f1-score": 0.4397163120567376,
        "support": 91.0
      },
      "accuracy": 0.8765625,
      "macro avg": {
        "precision": 0.7591525423728813,
        "recall": 0.6530254808943334,
        "f1-score": 0.6851786125691941,
        "support": 640.0
      },
      "weighted avg": {
        "precision": 0.8587335805084747,
        "recall": 0.8765625,
        "f1-score": 0.8608375713734207,
        "support": 640.0
      }
    }
  },
  "Decision Tree": {
    "accuracy": 0.9234375,
    "auc": 0.8912007846434076,
    "report": {
      "0": {
        "precision": 0.9734848484848485,
        "recall": 0.936247723132969,
        "f1-score": 0.9545032497678737,
        "support": 549.0
      },
      "1": {
        "precision": 0.6875,
        "recall": 0.8461538461538461,
        "f1-score": 0.7586206896551724,
        "support": 91.0
      },
      "accuracy": 0.9234375,
      "macro avg": {
        "precision": 0.8304924242424243,
        "recall": 0.8912007846434076,
        "f1-score": 0.856561969711523,
        "support": 640.0
      },
      "weighted avg": {
        "precision": 0.9328213778409091,
        "recall": 0.9234375,
        "f1-score": 0.9266511982518489,
        "support": 640.0
      }
    }
  },
  "Random Forest": {
    "accuracy": 0.9640625,
    "auc": 0.9178326227506556,
    "report": {
      "0": {
        "precision": 0.9679715302491103,
        "recall": 0.9908925318761385,
        "f1-score": 0.9792979297929792,
        "support": 549.0
      },
      "1": {
        "precision": 0.9358974358974359,
        "recall": 0.8021978021978022,
        "f1-score": 0.863905325443787,
        "support": 91.0
      },
      "accuracy": 0.9640625,
      "macro avg": {
        "precision": 0.9519344830732731,
        "recall": 0.8965451670369704,
        "f1-score": 0.9216016276183832,
        "support": 640.0
      },
      "weighted avg": {
        "precision": 0.9634109949584815,
        "recall": 0.9640625,
        "f1-score": 0.9628905438620785,
        "support": 640.0
      }
    }
  },
  "XGBoost": {
    "accuracy": 0.9703125,
    "auc": 0.9044616585600193,
    "report": {
      "0": {
        "precision": 0.9732142857142857,
        "recall": 0.9927140255009107,
        "f1-score": 0.9828674481514879,
        "support": 549.0
      },
      "1": {
        "precision": 0.95,
        "recall": 0.8351648351648352,
        "f1-score": 0.8888888888888888,
        "support": 91.0
      },
      "accuracy": 0.9703125,
      "macro avg": {
        "precision": 0.9616071428571429,
        "recall": 0.913939430332873,
        "f1-score": 0.9358781685201883,
        "support": 640.0
      },
      "weighted avg": {
        "precision": 0.9699135044642858,
        "recall": 0.9703125,
        "f1-score": 0.969504871756337,
        "support": 640.0
      }
    }
  },
  "Logistic Regression": {
    "accuracy": 0.8375,
    "auc": 0.8712744450449369,
    "report": {
      "0": {
        "precision": 0.9723991507430998,
        "recall": 0.8342440801457195,
        "f1-score": 0.8980392156862745,
        "support": 549.0
      },
      "1": {
        "precision": 0.46153846153846156,
        "recall": 0.8571428571428571,
        "f1-score": 0.6,
        "support": 91.0
      },
      "accuracy": 0.8375,
      "macro avg": {
        "precision": 0.7169688061407806,
        "recall": 0.8456934686442883,
        "f1-score": 0.7490196078431373,
        "support": 640.0
      },
      "weighted avg": {
        "precision": 0.8997611464968154,
        "recall": 0.8375,
        "f1-score": 0.8556617647058824,
        "support": 640.0
      }
    }
  },
  "KNN": {
    "accuracy": 0.8515625,
    "auc": 0.7209611881743029,
    "report": {
      "0": {
        "precision": 0.9219330855018587,
        "recall": 0.9034608378870674,
        "f1-score": 0.9126034958601656,
        "support": 549.0
      },
      "1": {
        "precision": 0.4803921568627451,
        "recall": 0.5384615384615384,
        "f1-score": 0.5077720207253886,
        "support": 91.0
      },
      "accuracy": 0.8515625,
      "macro avg": {
        "precision": 0.7011626211823019,
        "recall": 0.720961188174303,
        "f1-score": 0.7101877582927771,
        "support": 640.0
      },
      "weighted avg": {
        "precision": 0.8591514847109847,
        "recall": 0.8515625,
        "f1-score": 0.8550415204894396,
        "support": 640.0
      }
    }
  },
  "GaussianNB": {
    "accuracy": 0.8421875,
    "auc": 0.8718349046217899,
    "report": {
      "0": {
        "precision": 0.9705882352941176,
        "recall": 0.8415300546448088,
        "f1-score": 0.9014634146341464,
        "support": 549.0
      },
      "1": {
        "precision": 0.4695121951219512,
        "recall": 0.8461538461538461,
        "f1-score": 0.6039215686274509,
        "support": 91.0
      },
      "accuracy": 0.8421875,
      "macro avg": {
        "precision": 0.7200502152080344,
        "recall": 0.8438419503993275,
        "f1-score": 0.7526924916307987,
        "support": 640.0
      },
      "weighted avg": {
        "precision": 0.8993414858321378,
        "recall": 0.8421875,
        "f1-score": 0.8591566834050693,
        "support": 640.0
      }
    }
  }
}