name,acc,auc,f1,prec,rec
XGBoost,0.9703125,0.9044616585600193,0.969504871756337,0.9699135044642858,0.9703125
Random Forest,0.965625,0.9144298324626193,0.9644090977218227,0.9651880146940093,0.965625
Decision Tree,0.921875,0.887848035389019,0.9250178525505612,0.9308424977434901,0.921875
SVC,0.8765625,0.8520386717108028,0.8608375713734207,0.8587335805084747,0.8765625
KNN,0.8515625,0.7209611881743029,0.8550415204894396,0.8591514847109847,0.8515625
GaussianNB,0.8421875,0.8718349046217899,0.8591566834050693,0.8993414858321378,0.8421875
Logistic Regression,0.8375,0.8712544286314777,0.8556617647058824,0.8997611464968154,0.8375
